Datetime,Water Level (m)
2026-06-10 00:00:00,0.8806702
2026-06-10 01:00:00,0.86540294
2026-06-10 02:00:00,0.84749573
2026-06-10 03:00:00,0.8300668
2026-06-10 04:00:00,0.8222522
2026-06-10 05:00:00,0.8568683
2026-06-10 06:00:00,0.954117
2026-06-10 07:00:00,1.0846213
2026-06-10 08:00:00,1.1962388
2026-06-10 09:00:00,1.2803798
2026-06-10 10:00:00,1.3197944
2026-06-10 11:00:00,1.2991817
2026-06-10 12:00:00,1.2593691
2026-06-10 13:00:00,1.2667391
2026-06-10 14:00:00,1.2481816
2026-06-10 15:00:00,1.2132428
2026-06-10 16:00:00,1.1819276
2026-06-10 17:00:00,1.1719176
2026-06-10 18:00:00,1.2030777
2026-06-10 19:00:00,1.2924472
2026-06-10 20:00:00,1.4002893
2026-06-10 21:00:00,1.472318
2026-06-10 22:00:00,1.4878968
2026-06-10 23:00:00,1.4622782
2026-06-11 00:00:00,1.4343674
2026-06-11 01:00:00,1.4105135
2026-06-11 02:00:00,1.3840358
2026-06-11 03:00:00,1.3545552
2026-06-11 04:00:00,1.3266103
2026-06-11 05:00:00,1.3027855
2026-06-11 06:00:00,1.3002999
2026-06-11 07:00:00,1.3570853
2026-06-11 08:00:00,1.4776038
2026-06-11 09:00:00,1.5898285
2026-06-11 10:00:00,1.6630771
2026-06-11 11:00:00,1.6773028
2026-06-11 12:00:00,1.6448692
2026-06-11 13:00:00,1.6134123
2026-06-11 14:00:00,1.5858364
2026-06-11 15:00:00,1.5577748
2026-06-11 16:00:00,1.528831
2026-06-11 17:00:00,1.5009139
2026-06-11 18:00:00,1.4757465
2026-06-11 19:00:00,1.4754522
2026-06-11 20:00:00,1.5283384
2026-06-11 21:00:00,1.6251057
2026-06-11 22:00:00,1.7032247
2026-06-11 23:00:00,1.722019
2026-06-12 00:00:00,1.689949
2026-06-12 01:00:00,1.6559715
2026-06-12 02:00:00,1.6281227
2026-06-12 03:00:00,1.5994222
2026-06-12 04:00:00,1.5700222
2026-06-12 05:00:00,1.5388991
2026-06-12 06:00:00,1.5105951
2026-06-12 07:00:00,1.505016
2026-06-12 08:00:00,1.5615222
2026-06-12 09:00:00,1.6807783
2026-06-12 10:00:00,1.7938825
2026-06-12 11:00:00,1.8691094
2026-06-12 12:00:00,1.8712736
2026-06-12 13:00:00,1.8285114
2026-06-12 14:00:00,1.7908887
2026-06-12 15:00:00,1.762778
2026-06-12 16:00:00,1.7300054
2026-06-12 17:00:00,1.6931111
2026-06-12 18:00:00,1.657721
2026-06-12 19:00:00,1.6269193
2026-06-12 20:00:00,1.6167958
2026-06-12 21:00:00,1.659082
2026-06-12 22:00:00,1.7468454
2026-06-12 23:00:00,1.8188438
2026-06-13 00:00:00,1.8334899
2026-06-13 01:00:00,1.8013964
2026-06-13 02:00:00,1.7668294
2026-06-13 03:00:00,1.7373587
2026-06-13 04:00:00,1.7073165
2026-06-13 05:00:00,1.6757005
2026-06-13 06:00:00,1.6434654
2026-06-13 07:00:00,1.6145889
2026-06-13 08:00:00,1.6125773
2026-06-13 09:00:00,1.6755835
2026-06-13 10:00:00,1.8018099
2026-06-13 11:00:00,1.919346
2026-06-13 12:00:00,1.9908774
2026-06-13 13:00:00,1.9847565
2026-06-13 14:00:00,1.9364244
2026-06-13 15:00:00,1.8982126
2026-06-13 16:00:00,1.8662591
2026-06-13 17:00:00,1.8306344
2026-06-13 18:00:00,1.7917892
2026-06-13 19:00:00,1.7547194
2026-06-13 20:00:00,1.7226129
2026-06-13 21:00:00,1.7180693
2026-06-13 22:00:00,1.7692103
2026-06-13 23:00:00,1.8629062
2026-06-14 00:00:00,1.9283283
2026-06-14 01:00:00,1.9284294
2026-06-14 02:00:00,1.889641
2026-06-14 03:00:00,1.8533467
2026-06-14 04:00:00,1.8233719
2026-06-14 05:00:00,1.7915741
2026-06-14 06:00:00,1.7572312
2026-06-14 07:00:00,1.7219002
2026-06-14 08:00:00,1.6911656
2026-06-14 09:00:00,1.6931306
2026-06-14 10:00:00,1.7739238
2026-06-14 11:00:00,1.9132648
2026-06-14 12:00:00,2.0340238
2026-06-14 13:00:00,2.0946672
2026-06-14 14:00:00,2.074836
2026-06-14 15:00:00,2.0242236
2026-06-14 16:00:00,1.9844651
2026-06-14 17:00:00,1.9490035
2026-06-14 18:00:00,1.9106035
2026-06-14 19:00:00,1.8707811
2026-06-14 20:00:00,1.8295014
2026-06-14 21:00:00,1.7939347
2026-06-14 22:00:00,1.7921114
2026-06-14 23:00:00,1.8523735
2026-06-15 00:00:00,1.9501284
2026-06-15 01:00:00,2.0086024
2026-06-15 02:00:00,1.9966649
2026-06-15 03:00:00,1.9551399
2026-06-15 04:00:00,1.9201666
2026-06-15 05:00:00,1.8892301
2026-06-15 06:00:00,1.8548175
2026-06-15 07:00:00,1.8173534
2026-06-15 08:00:00,1.7808988
2026-06-15 09:00:00,1.7517831
2026-06-15 10:00:00,1.7651469
2026-06-15 11:00:00,1.8631423
2026-06-15 12:00:00,2.0077856
2026-06-15 13:00:00,2.1264112
2026-06-15 14:00:00,2.174757
2026-06-15 15:00:00,2.1381037
2026-06-15 16:00:00,2.0875921
2026-06-15 17:00:00,2.051419
2026-06-15 18:00:00,2.0159116
2026-06-15 19:00:00,1.9756037
2026-06-15 20:00:00,1.9344482
2026-06-15 21:00:00,1.8938216
2026-06-15 22:00:00,1.8604273
2026-06-15 23:00:00,1.8653443
2026-06-16 00:00:00,1.933999
